Type,Name,Request Count,Failure Count,Median Response Time,Average Response Time,Min Response Time,Max Response Time,Average Content Size,Requests/s,Failures/s,50%,66%,75%,80%,90%,95%,98%,99%,99.9%,99.99%,100%
GET,/item/{id}.json,43,0,61,64.05190988321962,54.41262498789001,181.29008400137536,630.2325581395348,3.587513972461756,0.0,61,63,64,65,67,76,180,180,180,180,180
GET,/topstories.json,160,0,59,65.91042396958073,51.49970800266601,229.069166991394,4501.0,13.348889199857696,0.0,59,61,63,65,69,110,180,220,230,230,230
GET,/topstories.json (seed),43,0,61,80.36371700020322,54.31316699832678,230.13179199188016,4501.0,3.587513972461756,0.0,61,64,68,68,160,210,230,230,230,230,230
,Aggregated,246,0,60,68.11195037040692,51.49970800266601,230.13179199188016,3824.4024390243903,20.52391714478121,0.0,60,62,64,65,70,160,210,220,230,230,230
